{
  "PeerB->PeerA": {
    "last_ts": 1755911219.2547255
  },
  "PeerA->PeerB": {
    "last_ts": 1755911242.4397902
  }
}